[{"model": "products.category", "pk": 19, "fields": {"name": "nintendo", "friendly_name": "Nintendo"}}, {"model": "products.category", "pk": 20, "fields": {"name": "sony ", "friendly_name": "Sony"}}, {"model": "products.category", "pk": 21, "fields": {"name": "microsoft", "friendly_name": "Microsoft"}}, {"model": "products.category", "pk": 22, "fields": {"name": "sega", "friendly_name": "Sega"}}, {"model": "products.category", "pk": 23, "fields": {"name": "atari", "friendly_name": "Atari"}}, {"model": "products.category", "pk": 24, "fields": {"name": "bandai", "friendly_name": "Bandai"}}, {"model": "products.category", "pk": 25, "fields": {"name": "consoles", "friendly_name": "consoles"}}, {"model": "products.category", "pk": 26, "fields": {"name": "games", "friendly_name": "games"}}, {"model": "products.category", "pk": 28, "fields": {"name": "new_arrivals", "friendly_name": "new_arrivals"}}, {"model": "products.category", "pk": 29, "fields": {"name": "deals", "friendly_name": "Deals"}}, {"model": "products.product", "pk": 1, "fields": {"sku": "pp5004610254", "name": "PS2", "friendly_name": "PlayStation 2", "description": "The PlayStation 2 (PS2) is a home video game console developed and marketed by Sony Computer Entertainment. It was first released in Japan on 4 March 2000, in North America on 26 October 2000, in Europe on 24 November 2000, and in Australia on 30 November 2000. It is the successor to the original PlayStation, as well as the second installment in the PlayStation brand of consoles.", "price": "118.99", "rating": "4.20", "image_url": "https://upload.wikimedia.org/wikipedia/commons/thumb/1/1c/PS2-Versions.jpg/220px-PS2-Versions.jpg", "image": "ps2.jpg", "discounted_price": null, "categories": [20, 25]}}, {"model": "products.product", "pk": 2, "fields": {"sku": "pp5004650050", "name": "DS", "friendly_name": "Nintendo DS", "description": "The Nintendo DS is a handheld game console produced by Nintendo, released globally across 2004 and 2005. The DS, an initialism for \"Developers' System\" or \"Dual Screen\", introduced distinctive new features to handheld games: two LCD screens working in tandem (the bottom one being a touchscreen), a built-in microphone and support for wireless connectivity.", "price": "65.99", "rating": "4.40", "image_url": "https://upload.wikimedia.org/wikipedia/commons/thumb/4/42/Nintendo-DS-Fat-Blue.jpg/220px-Nintendo-DS-Fat-Blue.jpg", "image": "nintendods.jpg", "discounted_price": null, "categories": [19, 25]}}, {"model": "products.product", "pk": 3, "fields": {"sku": "pp5004821375", "name": "GB", "friendly_name": "Game Boy", "description": "The Game Boy is an 8-bit fourth generation handheld game console developed and manufactured by Nintendo. It was first released in Japan on April 21, 1989, in North America later the same year, and in Europe in late 1990.", "price": "60.99", "rating": "5.00", "image_url": "https://upload.wikimedia.org/wikipedia/commons/thumb/f/f4/Game-Boy-FL.jpg/220px-Game-Boy-FL.jpg", "image": "gameboy.jpg", "discounted_price": null, "categories": [19, 25]}}, {"model": "products.product", "pk": 4, "fields": {"sku": "pp5004900522", "name": "PS4", "friendly_name": "PlayStation 4", "description": "The PlayStation 4 (PS4) is a home video game console developed by Sony Interactive Entertainment. Announced as the successor to the PlayStation 3 in February 2013, it was launched on November 15, 2013, in North America, November 29, 2013 in Europe, South America and Australia, and on February 22, 2014 in Japan.", "price": "341.00", "rating": "4.70", "image_url": "https://upload.wikimedia.org/wikipedia/commons/thumb/7/71/Sony-PlayStation-4-PS4-wDualShock-4.jpg/220px-Sony-PlayStation-4-PS4-wDualShock-4.jpg", "image": "ps4.jpg", "discounted_price": null, "categories": [20, 25]}}, {"model": "products.product", "pk": 5, "fields": {"sku": "pp5004910158", "name": "Psone", "friendly_name": "PlayStation", "description": "Manufactured by - Sony in 1994", "price": "162.99", "rating": "4.60", "image_url": "https://upload.wikimedia.org/wikipedia/commons/thumb/6/63/PSone-Console-Set-NoLCD.jpg/230px-PSone-Console-Set-NoLCD.jpg", "image": "ps.jpg", "discounted_price": null, "categories": [20, 25]}}, {"model": "products.product", "pk": 6, "fields": {"sku": "pp5004910477", "name": "Wii", "friendly_name": "Wii", "description": "Manufactured by - Nintendo in 2006", "price": "48.99", "rating": "4.50", "image_url": "https://upload.wikimedia.org/wikipedia/commons/thumb/1/14/Wii-console.jpg/220px-Wii-console.jpg", "image": "wii.jpg", "discounted_price": null, "categories": [19, 25]}}, {"model": "products.product", "pk": 7, "fields": {"sku": "pp5004940703", "name": "PS3", "friendly_name": "PlayStation 3", "description": "Manufactured by - Sony in 2006", "price": "134.99", "rating": "5.00", "image_url": "https://upload.wikimedia.org/wikipedia/commons/thumb/9/90/Sony-PlayStation-3-CECHA01-wController-L.jpg/250px-Sony-PlayStation-3-CECHA01-wController-L.jpg", "image": "ps3.jpg", "discounted_price": null, "categories": [20, 25]}}, {"model": "products.product", "pk": 8, "fields": {"sku": "pp5004991006", "name": "X360", "friendly_name": "Xbox 360", "description": "Manufactured by - Microsoft in 2005", "price": "60.99", "rating": "4.70", "image_url": "https://upload.wikimedia.org/wikipedia/commons/thumb/7/76/Xbox-360S-Console-Set.jpg/85px-Xbox-360S-Console-Set.jpg", "image": "Xbox360.jpg", "discounted_price": null, "categories": [21, 25]}}, {"model": "products.product", "pk": 9, "fields": {"sku": "pp5004991162", "name": "GBA", "friendly_name": "Game Boy Advance", "description": "Manufactured by - Nintendo in 2001", "price": "66.99", "rating": "4.90", "image_url": "https://upload.wikimedia.org/wikipedia/commons/thumb/7/7d/Nintendo-Game-Boy-Advance-Purple-FL.jpg/300px-Nintendo-Game-Boy-Advance-Purple-FL.jpg", "image": "gba.jpg", "discounted_price": null, "categories": [19, 25]}}, {"model": "products.product", "pk": 10, "fields": {"sku": "pp5005000046", "name": "PSP", "friendly_name": "PlayStation Portable", "description": "Manufactured by - Sony in 2004", "price": "99.99", "rating": "5.00", "image_url": "https://upload.wikimedia.org/wikipedia/commons/thumb/4/46/Psp-1000.jpg/220px-Psp-1000.jpg", "image": "psp.jpg", "discounted_price": null, "categories": [20, 25]}}, {"model": "products.product", "pk": 11, "fields": {"sku": "pp5005070254", "name": "3DS", "friendly_name": "Nintendo 3DS", "description": "Manufactured by - Nintendo in 2011", "price": "88.99", "rating": "5.00", "image_url": "https://upload.wikimedia.org/wikipedia/commons/thumb/f/f0/Nintendo-3DS-AquaOpen.jpg/150px-Nintendo-3DS-AquaOpen.jpg", "image": "3ds.jpg", "discounted_price": null, "categories": [19, 25]}}, {"model": "products.product", "pk": 12, "fields": {"sku": "pp5005071145", "name": "NES", "friendly_name": "Nintendo Entertainment System", "description": "Manufactured by - Nintendo in 1983", "price": "253.99", "rating": "4.20", "image_url": "https://upload.wikimedia.org/wikipedia/commons/thumb/8/82/NES-Console-Set.jpg/220px-NES-Console-Set.jpg", "image": "nes.jpg", "discounted_price": null, "categories": [19, 25]}}, {"model": "products.product", "pk": 13, "fields": {"sku": "pp5005140282", "name": "SWITCH", "friendly_name": "Nintendo Switch", "description": "Manufactured by - Nintendo in 2017", "price": "126.99", "rating": "4.10", "image_url": "https://upload.wikimedia.org/wikipedia/commons/thumb/7/76/Nintendo-Switch-Console-Docked-wJoyConRB.jpg/300px-Nintendo-Switch-Console-Docked-wJoyConRB.jpg", "image": "switch.jpg", "discounted_price": null, "categories": [19, 25]}}, {"model": "products.product", "pk": 14, "fields": {"sku": "pp5005200166", "name": "SNES", "friendly_name": "Super Nintendo Entertainment System", "description": "Manufactured by - Nintendo in 1990", "price": "128.99", "rating": "4.80", "image_url": "https://upload.wikimedia.org/wikipedia/commons/thumb/3/31/SNES-Mod1-Console-Set.jpg/250px-SNES-Mod1-Console-Set.jpg", "image": "snes.jpg", "discounted_price": null, "categories": [19, 25]}}, {"model": "products.product", "pk": 15, "fields": {"sku": "pp5005210241", "name": "XOne", "friendly_name": "Xbox One", "description": "Manufactured by - Microsoft in 2013", "price": "65.99", "rating": "4.00", "image_url": "https://upload.wikimedia.org/wikipedia/commons/thumb/0/05/Microsoft-Xbox-One-Console-Set-wKinect.jpg/300px-Microsoft-Xbox-One-Console-Set-wKinect.jpg", "image": "xboxone.jpg", "discounted_price": null, "categories": [21, 25]}}, {"model": "products.product", "pk": 16, "fields": {"sku": "pp5005280104", "name": "GEN", "friendly_name": "Sega Genesis", "description": "Manufactured by - Sega in 1988", "price": "266.00", "rating": "5.00", "image_url": "https://upload.wikimedia.org/wikipedia/commons/thumb/a/a1/Sega-Mega-Drive-JP-Mk1-Console-Set.jpg/250px-Sega-Mega-Drive-JP-Mk1-Console-Set.jpg", "image": "megadrive.jpg", "discounted_price": null, "categories": [22, 25]}}, {"model": "products.product", "pk": 17, "fields": {"sku": "pp5005310360", "name": "N64", "friendly_name": "Nintendo 64", "description": "Manufactured by - Nintendo in 1996", "price": "265.00", "rating": "4.40", "image_url": "https://upload.wikimedia.org/wikipedia/en/thumb/0/04/Nintendo_64_Logo.svg/110px-Nintendo_64_Logo.svg.png", "image": "64.jpg", "discounted_price": null, "categories": [19, 25]}}, {"model": "products.product", "pk": 18, "fields": {"sku": "pp5005330595", "name": "2600", "friendly_name": "Atari 2600", "description": "Manufactured by - Atari in 1977", "price": "211.99", "rating": "4.40", "image_url": "https://upload.wikimedia.org/wikipedia/commons/thumb/0/02/Atari-2600-Wood-4Sw-Set.png/220px-Atari-2600-Wood-4Sw-Set.png", "image": "atari.png", "discounted_price": null, "categories": [23, 25]}}, {"model": "products.product", "pk": 19, "fields": {"sku": "pp5005330596", "name": "XB", "friendly_name": "Xbox", "description": "Manufactured by - Microsoft in 2001", "price": "65.99", "rating": "4.30", "image_url": "https://upload.wikimedia.org/wikipedia/commons/thumb/a/a7/Xbox-Console-wDuke-L.jpg/250px-Xbox-Console-wDuke-L.jpg", "image": "xbox.jpg", "discounted_price": null, "categories": [21, 25]}}, {"model": "products.product", "pk": 20, "fields": {"sku": "pp5005430914", "name": "GC", "friendly_name": "GameCube", "description": "Manufactured by - Nintendo in 2001", "price": "344.99", "rating": "4.90", "image_url": "https://upload.wikimedia.org/wikipedia/commons/thumb/d/d1/GameCube-Set.jpg/220px-GameCube-Set.jpg", "image": "gamecube.jpg", "discounted_price": null, "categories": [19, 25]}}, {"model": "products.product", "pk": 21, "fields": {"sku": "pp5005430944", "name": "WiiU", "friendly_name": "Wii U", "description": "Manufactured by - Nintendo in 2012", "price": "31.99", "rating": "3.70", "image_url": "https://upload.wikimedia.org/wikipedia/commons/thumb/4/4a/Wii_U_Console_and_Gamepad.png/220px-Wii_U_Console_and_Gamepad.png", "image": "wiiu.png", "discounted_price": null, "categories": [19, 25]}}, {"model": "products.product", "pk": 22, "fields": {"sku": "pp5005510265", "name": "GG", "friendly_name": "Sega Game Gear", "description": "Manufactured by - Sega in 1990", "price": "169.99", "rating": "5.00", "image_url": "https://upload.wikimedia.org/wikipedia/commons/thumb/c/cf/Sega-Game-Gear-WB.png/250px-Sega-Game-Gear-WB.png", "image": "gamegear.png", "discounted_price": null, "categories": [22, 25]}}, {"model": "products.product", "pk": 23, "fields": {"sku": "pp5005520201", "name": "PSV", "friendly_name": "PlayStation Vita", "description": "Manufactured by - Sony in 2011", "price": "219.99", "rating": "5.00", "image_url": "https://upload.wikimedia.org/wikipedia/commons/thumb/b/b4/PlayStation-Vita-1101-FL.jpg/220px-PlayStation-Vita-1101-FL.jpg", "image": "psvita.jpg", "discounted_price": null, "categories": [20, 25]}}, {"model": "products.product", "pk": 24, "fields": {"sku": "pp5005520205", "name": "MS", "friendly_name": "Master System", "description": "The Master System is an 8-bit third-generation home video game console manufactured and developed by Sega. It was originally a remodeled export version of the Sega Mark III, the third iteration of the SG-1000 series of consoles, which was released in Japan in 1985 and featured enhanced graphical capabilities over its predecessors.", "price": "69.99", "rating": "5.00", "image_url": "https://upload.wikimedia.org/wikipedia/commons/thumb/d/dc/Sega_Mark_III.jpg/250px-Sega_Mark_III.jpg", "image": "mastersystem.jpg", "discounted_price": null, "categories": [22, 25]}}, {"model": "products.product", "pk": 25, "fields": {"sku": "pp5005630545", "name": "SAT", "friendly_name": "Sega Saturn", "description": "Manufactured by - Sega in 1994", "price": "130.99", "rating": "4.50", "image_url": "https://upload.wikimedia.org/wikipedia/commons/thumb/2/2d/Sega-Saturn-JP-Mk2-Console-Set.png/250px-Sega-Saturn-JP-Mk2-Console-Set.png", "image": "segasaturn.png", "discounted_price": null, "categories": [22, 25]}}, {"model": "products.product", "pk": 26, "fields": {"sku": "pp5005630605", "name": "DC", "friendly_name": "Dreamcast", "description": "Manufactured by - Sega in 1998", "price": "72.99", "rating": "4.40", "image_url": "https://upload.wikimedia.org/wikipedia/commons/thumb/0/07/Dreamcast-Console-Set.png/220px-Dreamcast-Console-Set.png", "image": "dreamcast.png", "discounted_price": null, "categories": [22, 25]}}, {"model": "products.product", "pk": 27, "fields": {"sku": "pp5005630638", "name": "WS", "friendly_name": "WonderSwan", "description": "Manufactured by - Bandai in 1999", "price": "50.99", "rating": "5.00", "image_url": "https://upload.wikimedia.org/wikipedia/commons/thumb/0/0a/WonderSwan-Color-Blue-Left.jpg/175px-WonderSwan-Color-Blue-Left.jpg", "image": "wonderswan.jpg", "discounted_price": null, "categories": [24, 25]}}, {"model": "products.product", "pk": 28, "fields": {"sku": "pp5005650677", "name": "SPICO", "friendly_name": "Sega Pico", "description": "Manufactured by - Sega in 1993", "price": "42.00", "rating": "4.00", "image_url": "https://static.wikia.nocookie.net/sonic/images/e/ee/Sega_Pico_Unit.png/revision/latest/scale-to-width-down/642?cb=20190110151915", "image": "Segapico.webp", "discounted_price": null, "categories": [22, 25]}}, {"model": "products.product", "pk": 29, "fields": {"sku": "pp5005700140", "name": "CTVG", "friendly_name": "Color TV-Game", "description": "The Color TV-Game is the first video game system ever made by Nintendo. The system was released as a series of five dedicated home video game consoles between 1977 and 1980 in Japan only.", "price": "108.99", "rating": "2.50", "image_url": "https://upload.wikimedia.org/wikipedia/commons/thumb/e/e0/Nintendo-Color-TV-Game-Blockbreaker-FL.jpg/220px-Nintendo-Color-TV-Game-Blockbreaker-FL.jpg", "image": "colortv.jpg", "discounted_price": null, "categories": [19, 25]}}, {"model": "products.product", "pk": 30, "fields": {"sku": "pp5005740430", "name": "SCD", "friendly_name": "Sega CD", "description": "Manufactured by - Sega in 1991", "price": "108.99", "rating": "5.00", "image_url": "https://upload.wikimedia.org/wikipedia/commons/thumb/1/1f/Sega-CD-Model1-Set.jpg/250px-Sega-CD-Model1-Set.jpg", "image": "segacd.jpg", "discounted_price": null, "categories": [22, 25]}}, {"model": "products.product", "pk": 31, "fields": {"sku": "pp5005740561", "name": "LYNX", "friendly_name": "Atari Lynx", "description": "The Atari Lynx is a hybrid 8/16-bit fourth generation handheld game console released by Atari Corporation in September 1989 in North America and 1990 in Europe and Japan. It was the first handheld game console with a color liquid-crystal display.", "price": "160.99", "rating": "4.80", "image_url": "https://upload.wikimedia.org/wikipedia/commons/thumb/d/d6/Atari-Lynx-I-Handheld.jpg/220px-Atari-Lynx-I-Handheld.jpg", "image": "lynx.jpg", "discounted_price": null, "categories": [23, 25]}}, {"model": "products.product", "pk": 32, "fields": {"sku": "pp5005740634", "name": "5200", "friendly_name": "Atari 5200", "description": "The Atari 5200 SuperSystem or simply Atari 5200 is a home video game console introduced in 1982 by Atari, Inc. as a higher-end complement for the popular Atari Video Computer System. The VCS was renamed to the Atari 2600 at the time of the 5200's launch.", "price": "160.99", "rating": "4.00", "image_url": "https://upload.wikimedia.org/wikipedia/commons/thumb/a/a0/Atari-5200-4-Port-wController-L.jpg/220px-Atari-5200-4-Port-wController-L.jpg", "image": "atari5200.jpg", "discounted_price": null, "categories": [23, 25]}}, {"model": "products.product", "pk": 33, "fields": {"sku": "pp5005760088", "name": "PS5", "friendly_name": "PlayStation 5", "description": "Manufactured by - Sony in 2020", "price": "560.99", "rating": "5.00", "image_url": "https://upload.wikimedia.org/wikipedia/commons/thumb/1/1b/PlayStation_5_and_DualSense_with_transparent_background.png/220px-PlayStation_5_and_DualSense_with_transparent_background.png", "image": "ps5.png", "discounted_price": null, "categories": [20, 25]}}, {"model": "products.product", "pk": 34, "fields": {"sku": "pp5005810108", "name": "XOneS", "friendly_name": "Xbox Series X", "description": "Manufactured by - Microsoft in 2020", "price": "448.99", "rating": "3.70", "image_url": "https://upload.wikimedia.org/wikipedia/commons/thumb/1/12/Xbox_Series_X_2.jpg/111px-Xbox_Series_X_2.jpg", "image": "xbox_series_x.jpg", "discounted_price": null, "categories": [21, 25]}}, {"model": "products.product", "pk": 35, "fields": {"sku": "pp7617032814", "name": "GTA(PS2)", "friendly_name": "Grand Theft Auto: San Andreas (PS2)", "description": "Grand Theft Auto: San Andreas is a 2004 action-adventure game developed by Rockstar North and published by Rockstar Games. It is the fifth main entry in the Grand Theft Auto series, following 2002's Grand Theft Auto: Vice City, and the seventh installment overall.", "price": "29.99", "rating": "4.00", "image_url": "https://entertainmentstation.co.uk/wp-content/uploads/Grand-Theft-Auto_-San-Andreas-01.png", "image": "ps2_game1_BPyB2Sp.jpg", "discounted_price": null, "categories": [20, 26]}}, {"model": "products.product", "pk": 36, "fields": {"sku": "pp9096300973", "name": "NFS(PS2)", "friendly_name": "Need for Speed: Most Wanted (PS2)", "description": "Need for Speed: Most Wanted is a 2005 open-world racing video game, and the ninth installment in the Need for Speed series.", "price": "19.99", "rating": "3.00", "image_url": "https://i.ebayimg.com/images/g/cDcAAMXQltxQ8wng/s-l500.jpg", "image": "ps2_game2.jpg", "discounted_price": null, "categories": [20, 26]}}, {"model": "products.product", "pk": 37, "fields": {"sku": "pp4385429025", "name": "Bully(PS2)", "friendly_name": "Bully (PS2)", "description": "Bully is an action-adventure video game developed by Rockstar Vancouver and published by Rockstar Games. It was released on 17 October 2006 for the PlayStation 2.", "price": "15.99", "rating": "4.00", "image_url": "https://m.media-amazon.com/images/I/51ObFh7aTOL._AC_.jpg", "image": "ps2_game3.jpg", "discounted_price": null, "categories": [20, 26]}}, {"model": "products.product", "pk": 38, "fields": {"sku": "pp9643990490", "name": "SuperMB(DS)", "friendly_name": "New Super Mario Bros (DS)", "description": "New Super Mario Bros. is a platform video game developed and published by Nintendo for the Nintendo DS. It was first released in May 2006 in North America and Japan, and in PAL regions in June 2006.", "price": "22.99", "rating": "4.20", "image_url": "https://mario.wiki.gallery/images/thumb/8/81/New_Super_Mario_Bros_box.png/1200px-New_Super_Mario_Bros_box.png", "image": "ds_game1.jpg", "discounted_price": null, "categories": [19, 26]}}, {"model": "products.product", "pk": 39, "fields": {"sku": "pp3297143227", "name": "MarioKart(DS)", "friendly_name": "Mario Kart (DS)", "description": "Mario Kart DS is a 2005 kart racing video game developed by Nintendo EAD Group No. 1 and published by Nintendo. It was released for the Nintendo DS handheld game console in November 2005 in North America, Europe, and Australia, and on December 8, 2005, in Japan.", "price": "32.99", "rating": "4.80", "image_url": "https://m.media-amazon.com/images/I/51aazYfJDfL._AC_SX425_.jpg", "image": "ds_game2.jpg", "discounted_price": null, "categories": [19, 26]}}, {"model": "products.product", "pk": 40, "fields": {"sku": "pp6940084248", "name": "AnimalCrossingWW(DS)", "friendly_name": "Animal Crossing: Wild World (DS)", "description": "Animal Crossing: Wild World is a 2005 social simulation video game developed and published by Nintendo for the Nintendo DS handheld game console. It was released in Japan in November 2005, in North America and Australia in December 2005, and in Europe in March 2006.", "price": "18.99", "rating": "2.60", "image_url": "https://m.media-amazon.com/images/I/61SHEZJH0QL._AC_.jpg", "image": "ds_game3.jpg", "discounted_price": null, "categories": [19, 26]}}, {"model": "products.product", "pk": 41, "fields": {"sku": "pp4732746492", "name": "Tetris(GB)", "friendly_name": "Tetris (Gameboy)", "description": "Tetris is a puzzle video game developed and published by Nintendo for the Game Boy in 1989. It is a portable version of Alexey Pajitnov's original Tetris and it was bundled with the North American and European releases of the Game Boy itself.", "price": "9.99", "rating": "3.50", "image_url": "https://i0.wp.com/blogger.googleusercontent.com/img/b/R29vZ2xl/AVvXsEh2Rrl1JXFjk308OOxscDR6t0JpW8JYmYSGXs8jeGPgvMfkuo0YiQlQDXTbXvHT6PJy_2WI19ZO9ccC2n7tLG5gAo1HCXJvEeXYz_isuWo7furwjM87-027c3kasNlDOv8UfFiKPunFjkBqMK8z8Kt1TO_Ju-uXZBkcbmTtQxy-b27Ox6slvLIeypxS4w/s1204/Tetris.jpg?resize=558%2C500&ssl=1", "image": "gb_game1.webp", "discounted_price": null, "categories": [19, 26]}}, {"model": "products.review", "pk": 1, "fields": {"product": 39, "name": "Anonymous", "author": 1, "content": "<p>gxxgsgxusgusgdxu</p>", "date_posted": "2023-05-23", "approved": true}}, {"model": "products.review", "pk": 2, "fields": {"product": 5, "name": "Anonymous", "author": 1, "content": "n", "date_posted": "2023-05-24", "approved": false}}, {"model": "products.review", "pk": 3, "fields": {"product": 7, "name": "Anonymous", "author": 1, "content": "njnjnj", "date_posted": "2023-05-24", "approved": false}}, {"model": "products.review", "pk": 4, "fields": {"product": 5, "name": "Anonymous", "author": 1, "content": "bjbjb", "date_posted": "2023-05-24", "approved": false}}, {"model": "products.review", "pk": 5, "fields": {"product": 6, "name": "Anonymous", "author": 1, "content": "cxxcx", "date_posted": "2023-05-24", "approved": false}}, {"model": "products.review", "pk": 6, "fields": {"product": 3, "name": "Anonymous", "author": 1, "content": "m,m", "date_posted": "2023-05-24", "approved": false}}, {"model": "products.review", "pk": 7, "fields": {"product": 6, "name": "Anonymous", "author": 1, "content": "2w2w2w2", "date_posted": "2023-05-25", "approved": false}}, {"model": "products.review", "pk": 8, "fields": {"product": 4, "name": "Anonymous", "author": 1, "content": "aaq", "date_posted": "2023-05-25", "approved": false}}, {"model": "products.review", "pk": 9, "fields": {"product": 1, "name": "Anonymous", "author": 2, "content": "test review", "date_posted": "2023-05-25", "approved": false}}, {"model": "products.review", "pk": 10, "fields": {"product": 1, "name": "Anonymous", "author": 2, "content": "wswswsw", "date_posted": "2023-05-25", "approved": false}}, {"model": "products.review", "pk": 11, "fields": {"product": 1, "name": "Anonymous", "author": 2, "content": "qssq", "date_posted": "2023-05-25", "approved": false}}, {"model": "products.review", "pk": 12, "fields": {"product": 2, "name": "Anonymous", "author": 1, "content": "swwsws", "date_posted": "2023-05-26", "approved": false}}, {"model": "products.deals", "pk": 21, "fields": {"discount_percentage": "2.00"}}, {"model": "products.newslettersubscription", "pk": 1, "fields": {"user": 1, "subscribed": true, "coupon_used": true}}, {"model": "products.coupon", "pk": 1, "fields": {"user": 1, "discount_code": "Y830EAZ2", "discount_amount": "0", "used": false}}, {"model": "products.coupon", "pk": 2, "fields": {"user": 1, "discount_code": "PF8A49Q9", "discount_amount": "0", "used": false}}, {"model": "products.coupon", "pk": 3, "fields": {"user": 1, "discount_code": "EIR754J0", "discount_amount": "0", "used": true}}, {"model": "products.coupon", "pk": 4, "fields": {"user": 1, "discount_code": "0I6XHW1D", "discount_amount": "0", "used": false}}, {"model": "products.coupon", "pk": 5, "fields": {"user": 1, "discount_code": "H17WVR2M", "discount_amount": "0", "used": false}}, {"model": "products.coupon", "pk": 6, "fields": {"user": 1, "discount_code": "RM9HO4XN", "discount_amount": "0", "used": false}}, {"model": "products.coupon", "pk": 7, "fields": {"user": 1, "discount_code": "KLK5B3ZD", "discount_amount": "0", "used": false}}, {"model": "products.coupon", "pk": 8, "fields": {"user": 1, "discount_code": "FLMP92TV", "discount_amount": "0", "used": false}}, {"model": "products.coupon", "pk": 9, "fields": {"user": 1, "discount_code": "TRSITMDR", "discount_amount": "0", "used": false}}, {"model": "products.coupon", "pk": 10, "fields": {"user": 1, "discount_code": "YI4V8APQ", "discount_amount": "0", "used": false}}, {"model": "products.coupon", "pk": 11, "fields": {"user": 1, "discount_code": "CEM3HTRN", "discount_amount": "0", "used": false}}, {"model": "products.coupon", "pk": 12, "fields": {"user": 1, "discount_code": "VW7K1TGA", "discount_amount": "0", "used": false}}]